time,sensor1,sensor2,sensor3,sensor4,sensor5,sensor6,sensor7,temp
2.001,218,251,264,258,264,266,261,
3.001,260,258,266,260,264,268,262,
4.001,259,258,266,258,264,267,261,
5.001,260,258,265,258,264,266,261,
6.001,259,258,266,258,264,267,262,
7.001,260,262,269,258,266,270,262,
8.001,262,269,274,260,272,276,265,
9.001,264,274,281,260,276,280,267,29.3
10.001,267,283,288,262,286,288,272,
11.001,269,294,294,262,294,296,276,
12.001,272,302,304,264,304,304,280,
13.001,274,312,314,265,314,310,284,31
14.001,275,318,320,265,322,317,288,
15.001,279,328,328,267,332,325,292,
16.001,282,336,339,267,341,333,297,
17.001,282,346,348,268,352,342,302,
18.001,286,356,358,270,361,349,308,
19.001,288,361,364,272,369,354,312,
20.001,298,368,373,272,376,358,315,32.8
21.001,305,376,381,273,384,361,317,33.6
22.001,311,382,387,274,387,364,320,34.3
23.001,314,388,393,276,390,365,320,
24.001,316,394,395,276,394,366,323,35.1
25.001,318,400,400,276,396,369,324,35.8
26.001,322,406,400,278,398,369,326,
27.001,324,409,401,280,400,369,328,36.3
28.001,323,413,398,280,400,368,330,
29.001,323,418,400,281,402,371,333,36.7
30.001,322,426,406,282,409,377,336,37.1
31.001,324,435,414,284,418,384,341,37.9
32.001,324,444,424,285,427,393,348,
33.001,326,455,434,288,438,402,354,
34.001,332,462,444,290,448,412,360,
35.001,334,472,453,290,458,422,368,
36.001,336,481,461,293,470,429,372,39.4
37.001,340,489,468,295,478,437,378,40.3
38.001,341,496,478,296,489,444,384,
39.001,344,503,486,299,497,453,390,41.1
40.001,345,511,494,302,506,461,396,41.9
41.001,346,522,506,304,516,470,402,
42.001,351,530,515,306,525,477,409,42.9
43.001,354,539,525,308,534,486,416,43.8
44.001,356,548,535,312,543,495,421,
45.001,361,556,547,314,554,504,428,44.9
46.001,362,567,558,316,562,514,435,
47.001,367,577,569,318,574,522,442,45.9
48.001,369,588,579,322,584,531,449,
49.001,372,598,590,326,594,540,456,47.1
50.001,375,607,597,328,603,547,461,48.3
51.001,382,617,607,333,612,556,469,
52.001,386,627,619,336,624,564,475,49.5
53.001,392,637,630,337,633,575,482,
54.001,390,643,637,338,640,579,488,51
55.001,395,648,640,344,646,584,493,52
56.001,397,655,647,346,653,591,498,
57.001,400,665,654,349,659,597,505,52.8
58.001,403,672,662,352,667,606,511,53.7
59.001,403,679,668,356,674,612,518,
60.001,408,685,674,360,680,617,523,54.5
61.001,411,691,679,362,686,624,529,
62.001,415,696,685,364,691,629,535,55.3
63.001,417,702,690,368,698,634,539,56.1
64.001,418,708,697,372,703,641,546,
65.001,418,717,703,374,711,649,552,56.8
66.001,425,723,710,378,717,654,557,
67.001,430,730,717,381,723,661,565,57.8
68.001,430,735,725,384,730,669,568,58.7
69.001,436,745,731,387,738,677,575,
70.001,438,751,739,392,745,683,580,59.5
71.001,442,757,747,396,751,690,586,
72.001,445,763,754,398,758,697,591,60.3
73.001,447,769,759,402,763,703,597,
74.001,450,772,765,405,768,708,601,
75.001,452,778,771,409,774,712,606,61.9
76.001,455,785,775,412,779,719,611,
77.001,460,791,783,416,786,726,615,62.6
78.001,463,797,789,418,793,731,621,63.5
79.001,466,803,797,421,799,738,625,
80.001,470,809,799,424,805,743,630,64.3
81.001,471,812,802,428,807,747,634,
82.001,473,815,805,431,811,751,639,64.9
83.001,475,819,807,435,815,755,644,65.5
84.001,479,825,814,437,819,761,647,
85.001,481,830,818,440,825,765,653,66.2
86.001,480,834,821,442,827,767,655,
87.001,484,838,825,446,831,773,660,66.8
88.001,486,844,831,449,837,779,665,67.4
89.001,492,850,835,452,843,783,669,
90.001,496,854,842,456,847,791,674,68.1
91.001,498,860,847,460,851,798,679,68.8
92.001,501,863,851,464,855,803,682,
93.001,504,869,855,467,861,807,687,69.4
94.001,507,871,859,469,863,813,691,
95.001,510,877,863,473,869,818,695,70.1
96.001,513,879,867,476,873,823,699,70.7
97,516,883,871,480,878,828,703,
98.001,521,885,873,483,879,831,705,71.3
99.001,517,887,874,486,882,835,709,
100.001,521,887,875,488,883,835,711,71.8
101.001,527,891,877,493,885,841,715,72.2
102.001,529,895,877,496,887,843,718,
103.001,531,899,879,499,891,847,722,72.5
104.001,533,903,883,502,893,850,725,73.1
105.001,537,907,887,506,897,854,728,
106.001,537,911,891,508,899,857,733,73.7
107.001,539,914,895,512,903,863,735,
108.001,540,917,899,516,907,868,740,74.3
109.001,544,919,903,519,910,871,743,74.9
110.001,551,923,905,522,911,875,747,
111.001,552,925,909,526,917,879,751,75.3
112.001,555,927,911,528,919,883,754,75.8
113.001,560,931,917,533,923,887,755,
114.001,563,935,919,536,927,895,759,76.3
115.001,566,939,927,540,933,901,765,
116.001,567,943,931,544,935,903,769,77
117,572,947,934,548,939,907,771,
118.001,573,951,938,551,943,914,775,77.5
119,577,957,943,555,947,919,781,78.2
120.001,582,959,947,559,951,924,785,
121.001,583,965,951,563,957,927,789,78.8
122.001,588,969,956,567,959,935,794,79.2
123.001,593,973,963,571,965,941,799,
124.001,594,975,965,574,967,943,799,79.9
125.001,599,983,970,578,973,951,805,80.4
126.001,602,989,975,581,975,955,810,
127.001,606,991,983,587,983,963,815,81
128.001,611,997,987,589,987,967,819,
129.001,612,991,981,591,987,967,819,81.5
130.001,610,987,974,593,981,959,819,
131.001,610,981,966,595,975,955,819,81.6
132.001,609,974,958,597,967,950,815,81.5
133.001,606,967,951,600,959,942,815,
134.001,605,959,943,601,953,937,812,81.3
135.001,604,955,935,602,947,931,810,
136.001,602,949,927,605,939,926,807,81.2
137.001,601,941,923,607,934,920,806,80.9
138.001,601,935,918,607,927,917,803,
139.001,599,931,911,611,919,910,802,80.8
140.001,600,926,907,612,916,906,798,
141.001,599,921,903,613,911,902,797,80.5
142.001,598,915,897,615,905,899,796,80.3
143.001,598,911,891,619,901,894,793,
144.001,598,906,887,620,895,891,791,80.1
145.001,598,901,885,622,891,886,790,
146.001,597,897,879,623,887,883,787,79.9
147.001,597,893,875,624,883,879,786,79.6
148.001,597,889,871,628,879,875,783,
149.001,597,885,867,628,875,871,783,79.4
150.001,599,881,863,631,871,867,781,
151.001,599,879,859,631,869,863,779,79.2
152.001,600,875,857,634,863,862,779,79
153.001,599,871,854,634,861,859,777,
154.001,599,869,851,637,859,855,775,78.8
155.001,601,866,847,639,855,853,773,78.5
156.001,600,862,845,640,853,850,773,
157.001,598,859,841,641,851,847,771,78.3
158.001,598,855,839,643,847,843,769,
159.001,599,853,835,645,845,841,767,
160.001,598,850,831,645,841,839,767,
161.001,598,847,830,647,839,834,765,
162.001,601,843,827,649,836,834,763,77.8
163.001,600,841,823,649,834,831,762,
164.001,603,838,821,651,831,829,761,77.5
165.001,599,835,819,651,829,826,759,
166.001,600,831,815,652,827,823,759,
167.001,605,830,813,655,823,821,757,
168.001,600,827,811,655,822,818,755,77.2
169.001,603,825,807,657,818,815,755,
170.001,601,822,806,657,815,814,753,
171,602,818,803,658,815,813,753,
172.001,604,815,801,659,813,809,751,
173.001,605,814,799,660,810,807,751,
174.001,606,811,797,662,809,805,747,76.3
175.001,605,807,794,662,805,803,747,
176.001,606,806,791,663,803,799,747,
177.001,603,803,789,662,799,797,745,76
178.001,606,799,787,665,799,795,744,
179.001,604,798,785,664,796,793,743,
180.001,600,795,783,665,794,791,741,
181.001,607,793,781,666,791,790,741,
182.001,607,790,778,667,791,789,741,
183.001,606,787,777,667,788,787,739,75.2
184.001,607,785,775,669,787,783,738,75.1
185.001,606,783,773,670,783,782,737,
186.001,604,780,771,670,782,780,735,74.9
187.001,605,777,769,669,780,779,735,
188.001,599,775,767,669,778,776,734,74.7
189.001,601,773,765,671,775,774,733,74.5
190.001,605,770,763,671,775,772,732,
191.001,605,768,762,671,773,771,731,
192.001,605,765,759,671,770,770,730,74.3
193.001,605,763,758,673,768,767,730,
194.001,605,761,755,673,765,767,729,
195.001,606,759,754,673,764,765,727,73.9
196.001,607,757,751,673,762,763,727,
197.001,606,755,751,673,759,761,725,
198.001,607,751,749,674,759,759,725,73.5
199,608,750,747,673,755,757,723,
200.001,606,749,745,674,755,755,722,73.3
201.001,607,746,743,674,751,755,722,
202.001,607,743,742,674,751,751,719,
203.001,607,742,741,675,750,751,719,
204.001,607,739,738,674,747,750,719,
205.001,607,737,735,674,745,748,718,72.8
206.001,607,735,735,674,743,747,717,
207.001,607,734,733,675,742,745,716,72.5
208.001,603,730,731,673,740,743,715,
209.001,607,730,730,675,739,742,714,72.3
210.001,607,727,729,675,737,741,713,
211.001,607,725,727,674,735,739,713,
212.001,608,723,725,674,733,737,711,72.1
213.001,607,719,723,674,731,735,711,
214.001,606,718,721,674,731,734,710,71.9
215.001,607,717,719,674,727,733,709,
216.001,607,715,719,673,727,731,709,71.6
217.001,607,713,717,674,725,730,707,
218.001,607,711,715,673,723,727,706,71.4
219.001,607,709,715,674,723,725,705,71.2
220.001,604,708,713,673,719,724,703,
221.001,605,705,711,674,719,723,703,
222.001,603,705,711,673,717,721,703,70.9
223.001,605,703,709,673,716,721,702,
224.001,604,701,707,671,715,719,701,70.8
225.001,604,699,706,671,713,718,700,
226.001,603,698,705,671,711,717,699,70.5
227.001,602,697,702,671,711,715,698,
228.001,603,695,701,671,709,714,698,70.2
229.001,601,693,701,671,707,713,697,
230.001,604,691,699,670,707,712,695,
231.001,604,690,698,670,705,709,694,
232.001,605,689,695,670,703,709,693,69.9
233.001,603,687,694,669,701,707,692,
234.001,602,685,692,669,699,707,691,69.8
235.001,603,683,692,669,699,706,691,
236.001,603,682,690,668,698,703,691,69.5
237.001,603,681,689,669,696,703,690,
238,602,679,687,667,695,702,689,
239.001,602,678,687,667,693,700,687,
240.001,603,676,684,667,692,699,687,69.1
241.001,603,675,684,665,689,697,685,
242.001,601,673,683,665,689,696,685,
243.001,601,672,682,665,687,695,684,68.9
244.001,601,670,679,665,686,693,683,
245.001,599,669,679,665,686,693,682,68.5
246.001,599,667,678,663,684,691,681,
247.001,600,667,677,663,682,689,679,
248.001,599,663,675,662,681,687,679,68.4
249.001,598,663,674,662,679,687,679,
250.001,598,661,673,661,679,687,678,68.1
251.001,599,659,671,661,677,686,677,
252.001,599,659,671,661,677,685,676,68
253.001,596,657,669,659,675,683,675,
254.001,598,655,669,659,674,681,674,
255.001,598,654,667,659,673,681,673,
256.001,595,653,665,657,671,679,671,67.7
257.001,596,651,663,657,669,677,670,
258.001,594,650,663,657,668,676,670,
259.001,591,648,662,654,667,676,670,
260.001,593,647,661,655,666,675,667,67.2
261.001,595,646,660,655,665,674,668,67.1
262.001,594,644,659,655,663,671,668,
263.001,592,643,658,654,663,671,666,
264.001,593,641,656,653,661,671,665,66.9
265.001,591,640,655,653,660,669,665,
266.001,591,638,655,652,659,668,663,
267.001,591,637,654,651,658,667,662,66.6
268.001,590,635,652,651,656,666,662,
269.001,591,634,651,651,655,665,662,
270.001,591,633,651,650,654,663,661,66.3
271.001,591,632,651,650,652,663,659,
272.001,592,631,648,649,652,662,659,66.2
273.001,589,629,647,647,651,661,658,
274.001,590,628,647,647,649,659,657,
275.001,590,627,646,647,649,659,656,65.9
276.001,589,625,645,646,647,657,655,
277.001,587,623,643,645,646,655,654,
278.001,587,623,643,643,645,655,654,
279.001,587,622,642,643,644,654,652,
280.001,588,620,640,643,643,652,651,
281.001,586,619,639,641,640,652,651,
282.001,583,619,639,641,640,651,649,
283.001,581,617,638,642,639,648,649,65.2
284.001,583,616,636,641,639,648,647,
285.001,585,614,635,639,637,647,647,
286.001,586,614,635,640,636,646,646,
287.001,586,612,634,639,634,644,645,
288.001,585,611,633,638,633,643,645,
289.001,584,610,633,637,632,643,644,64.8
290.001,584,608,631,637,631,642,643,
291.001,584,607,631,636,631,641,642,64.5
292.001,582,607,628,635,630,639,641,
293.001,584,605,627,635,628,639,640,
294.001,583,604,627,634,627,639,639,64.3
295.001,581,603,627,634,626,637,638,64.2
296.001,579,601,626,633,625,635,638,64.1
297.001,576,600,625,632,623,634,637,
298.001,579,599,623,631,623,633,635,
299.001,575,598,623,630,621,632,634,63.8
300.001,577,596,622,630,620,631,633,
301.001,580,595,620,629,619,631,633,
302.001,578,594,619,627,617,628,631,
303.001,575,592,618,627,617,627,631,63.5
304.001,577,592,618,627,616,627,630,63.4
305.001,574,590,616,625,614,625,627,
306.001,576,589,615,623,613,624,627,63.3
307.001,575,588,614,623,613,623,626,
308.001,575,586,614,623,611,623,625,
309.001,575,586,613,622,611,621,624,
310.001,575,586,613,622,609,621,624,
311.001,573,584,611,621,609,621,623,62.9
312.001,571,583,610,620,607,620,623,
313.001,568,581,609,618,606,619,622,
314.001,565,581,608,619,606,618,621,62.7
315.001,570,580,607,618,605,617,620,
316.001,569,579,606,616,603,615,619,
317.001,571,578,605,616,602,615,618,
318.001,570,577,605,615,601,613,617,
319.001,570,576,604,615,600,613,616,62.3
320.001,565,575,603,614,599,611,615,
321.001,565,573,601,613,598,610,615,
322.001,565,573,600,611,597,609,613,
323.001,566,572,599,611,597,609,613,
324.001,566,570,599,612,595,607,611,61.9
325.001,566,569,597,610,594,607,611,
326.001,566,569,597,611,595,607,611,
327.001,566,568,597,609,593,604,610,61.7
328.001,566,567,595,607,592,605,609,
329.001,564,567,595,607,591,605,607,
330.001,558,565,593,606,591,602,606,61.4
331.001,565,564,593,606,590,602,606,
332.001,555,563,591,605,589,602,605,
333.001,554,563,591,604,587,600,605,
334.001,552,561,590,603,586,599,604,61.2
335.001,562,560,589,602,585,599,604,
336.001,559,559,587,603,585,599,603,
337.001,561,558,587,602,584,597,602,60.9
338.001,559,557,586,601,582,597,602,
339.001,560,557,586,600,582,596,599,
340.001,560,557,585,599,581,595,599,60.7
341.001,557,556,584,599,581,595,599,
342.001,559,555,584,599,579,594,598,
343.001,559,555,584,598,579,593,599,
344.001,558,554,583,598,578,591,597,60.5
345.001,557,553,582,597,577,591,597,
346.001,556,552,582,596,577,590,596,
347.001,557,551,581,595,576,590,596,
348.001,557,551,580,596,575,590,595,
349.001,558,550,578,595,575,589,595,
350.001,557,550,579,594,574,588,594,60
351.001,556,548,577,593,573,588,593,
352.001,554,548,577,593,572,586,591,59.9
353.001,553,547,575,591,571,585,591,
354.001,554,546,575,591,570,585,590,
355.001,554,545,574,590,569,583,589,59.8
356.001,553,545,574,590,569,583,589,59.7
357.001,554,543,573,589,568,582,588,
358.001,552,542,572,589,567,582,588,59.5
359.001,551,542,571,588,566,581,587,
360.001,548,542,570,586,565,580,586,59.3
361.001,544,540,569,586,564,579,585,
362.001,551,540,568,586,564,578,584,59.2
363.001,550,538,567,585,563,578,584,
364.001,549,538,567,584,562,577,583,59.1
365.001,550,537,566,583,562,577,583,
366.001,546,536,567,582,560,575,581,
367.001,545,535,565,582,559,574,581,58.9
368.001,547,535,564,581,559,573,581,
369.001,547,534,563,580,558,572,579,
370.001,547,533,563,579,557,572,578,58.7
371.001,544,533,562,579,556,572,577,
372.001,543,532,562,577,555,571,576,58.6
373.001,544,531,560,578,555,570,577,
374.001,545,531,559,577,554,568,575,
375.001,544,529,558,575,553,568,575,
376.001,542,529,558,576,552,568,574,
377.001,541,529,557,574,551,567,572,58.3
378.001,540,527,556,574,551,567,573,58.2
379.001,541,527,554,573,550,566,573,
380.001,541,526,554,572,550,564,571,58.1
381.001,540,526,553,572,549,564,571,
382.001,541,525,553,571,548,564,570,58
383.001,538,523,552,570,547,563,569,
384.001,537,523,552,569,546,562,568,57.8
385.001,534,522,551,569,546,561,567,
386.001,529,522,550,567,545,559,566,
387.001,533,520,549,567,544,559,566,
388.001,536,520,548,567,543,558,565,
389.001,532,520,548,566,543,559,564,
390.001,536,519,548,566,543,559,565,
391.001,535,518,547,565,542,558,563,
392.001,535,518,546,565,541,557,563,57.3
393.001,532,518,546,563,540,556,562,57.2
394.001,531,517,544,563,540,555,561,
395.001,531,515,544,562,539,554,561,
396.001,531,516,543,561,538,553,559,
397.001,529,514,542,560,537,553,560,
398.001,533,514,542,560,536,553,558,56.9
399.001,531,513,542,559,536,552,558,
400.001,528,513,541,559,535,552,557,
401.001,530,512,540,558,535,551,556,
402.001,530,511,539,557,534,549,555,
403.001,529,511,538,557,533,549,555,
404.001,525,510,538,556,532,548,553,
405.001,521,509,537,555,530,548,553,
406.001,528,508,537,555,531,547,553,56.4
407.001,529,508,536,554,531,546,552,
408.001,527,507,535,553,530,546,551,
409.001,520,506,534,554,529,545,550,
410.001,524,505,533,552,528,545,550,56.1
411.001,523,505,533,551,527,545,549,
412.001,526,504,532,552,527,543,549,
413.001,523,504,531,550,526,542,547,
414.001,525,503,530,548,526,543,548,
415.001,524,503,530,548,524,541,546,55.9
416.001,523,502,530,548,525,541,546,
417.001,523,500,528,548,524,538,545,
418.001,521,501,528,546,523,539,545,
419.001,522,500,528,546,522,539,543,
420.001,518,499,527,546,523,539,543,55.7
421.001,518,499,526,544,521,538,542,
422.001,517,498,526,544,521,538,542,
423.001,518,497,525,544,520,537,541,
424.001,518,497,525,543,519,536,541,
425.001,517,496,524,542,519,536,540,55.4
426.001,519,496,523,542,518,535,539,
427.001,517,495,522,541,517,535,539,
428.001,517,495,522,541,516,535,538,
429.001,516,494,521,541,516,534,538,
430.001,515,493,521,539,515,533,537,55.1
431.001,516,493,521,539,515,533,537,
432.001,514,492,519,538,514,531,536,
433.001,515,491,519,538,513,531,534,
434.001,514,491,519,536,513,531,534,
435.001,512,490,518,536,512,531,533,54.9
436.001,513,490,517,536,512,530,532,
437.001,512,490,516,535,511,529,532,
438.001,512,488,515,534,510,529,532,
439.001,511,488,514,533,510,528,531,
440.001,509,488,514,533,509,527,529,54.5
441.001,511,486,514,533,509,526,530,
442.001,511,486,514,532,508,527,529,
443.001,508,486,512,531,508,527,529,
444.001,509,485,512,531,506,526,528,54.3
445.001,507,485,512,531,505,526,527,
446.001,508,484,511,530,506,523,527,
447.001,508,483,510,529,505,524,526,
448.001,507,483,509,528,505,525,526,
449.001,501,482,509,526,504,522,525,
450.001,506,483,509,527,504,523,525,54
451.001,507,482,508,526,503,523,524,
452.001,506,481,507,527,503,522,523,
453.001,503,480,507,526,502,520,522,
454.001,505,479,506,524,500,521,522,53.8
455.001,502,480,506,524,500,519,522,
456.001,505,479,505,523,500,520,520,
457.001,504,478,504,523,500,519,520,
458.001,502,478,504,522,498,519,519,53.5
459.001,503,477,503,522,498,518,519,
460.001,496,476,503,521,497,517,518,
461.001,499,475,502,520,496,518,518,
462.001,496,476,502,520,497,517,518,53.3
463.001,500,474,502,520,496,516,516,
464.001,500,475,501,519,496,516,517,
465.001,499,474,500,518,495,512,515,
466.001,500,473,500,518,495,514,515,53.2
467.001,499,472,499,517,494,515,515,
468.001,498,472,497,516,494,514,514,
469.001,497,471,497,516,493,514,512,
470.001,495,472,498,515,492,513,513,53
471.001,497,472,496,515,492,513,512,
472.001,496,471,495,513,490,512,511,
473.001,494,470,496,513,490,511,511,
474.001,495,470,495,514,490,511,511,52.8
475.001,494,470,495,513,490,510,510,
476.001,492,469,494,512,489,510,510,
477.001,491,468,494,511,488,511,509,
478.001,491,468,493,512,488,510,508,52.5
479.001,494,467,493,510,488,508,507,
480.001,492,467,492,511,487,509,506,
481.001,491,466,491,510,486,507,506,
482.001,489,466,491,508,486,508,507,52.4
483.001,492,465,490,508,484,506,505,
484.001,492,465,489,507,484,506,505,
485,489,464,489,507,485,507,503,
486.001,491,464,488,507,484,506,504,52.2
487.001,488,462,488,505,483,505,503,
488.001,488,463,488,505,483,505,502,
489.001,488,462,488,504,482,504,502,
490.001,488,462,487,505,482,503,501,52
491.001,489,460,485,504,481,504,501,
492.001,488,460,485,503,480,502,500,
493.001,487,460,485,502,480,503,500,
494.001,483,460,484,501,478,501,499,51.8
495.001,482,459,484,501,480,501,498,
496.001,485,459,483,499,478,501,498,
497.001,484,458,483,499,477,501,497,
498.001,485,457,482,499,477,501,497,51.6
499.001,484,457,482,499,477,501,496,
500.001,485,457,482,498,476,499,496,
501.001,484,457,480,499,476,500,495,
502.001,483,456,480,498,475,501,496,51.4
503.001,483,455,480,497,475,499,494,
504.001,483,455,479,496,474,499,494,
505.001,482,455,478,496,474,498,493,
506.001,483,453,479,496,473,497,493,51.2
507.001,482,453,478,495,474,498,492,
508.001,480,453,476,495,473,497,492,
509.001,480,452,477,494,472,497,492,
510.001,479,453,476,493,472,496,490,51.1
511.001,479,452,476,494,472,496,490,
512.001,480,452,475,492,471,496,490,
513.001,479,450,475,491,470,495,489,
514.001,472,450,475,491,470,495,489,50.9
515.001,474,450,474,491,469,494,488,
516.001,474,450,473,490,469,493,487,
517.001,477,450,474,491,469,494,487,
518.001,476,449,472,489,468,493,486,50.8
519.001,477,448,472,489,467,493,487,
520.001,473,448,472,488,467,493,485,
521.001,474,448,471,488,467,493,485,
522.001,472,447,471,488,466,492,485,
523.001,470,448,471,488,466,491,484,
524.001,474,447,469,487,465,490,484,50.5
525.001,473,447,470,487,465,491,484,
526.001,472,446,469,486,465,491,483,
527.001,471,445,469,486,464,490,483,
528.001,470,445,468,484,464,489,483,50.3
529.001,471,445,468,484,463,487,482,
530.001,471,445,467,484,463,488,480,
531.001,470,444,467,483,463,488,481,
532.001,468,444,467,483,462,488,480,50.2
533.001,471,444,466,482,462,488,480,
534.001,468,442,466,482,461,487,480,
535.001,468,442,466,482,461,486,478,
536.001,466,441,464,481,461,486,479,
537.001,464,441,464,480,460,484,478,
538.001,467,441,464,480,459,485,478,
539.001,468,440,463,479,459,485,478,
540.001,467,440,464,479,458,484,477,
541.001,466,440,463,479,457,483,476,
542.001,468,440,462,478,458,482,475,
543.001,467,439,461,478,457,482,475,
544.001,464,438,462,478,457,482,474,
545.001,464,438,461,477,456,481,473,
546.001,464,437,461,477,456,482,474,
547.001,464,438,460,476,455,481,472,
548.001,460,436,460,476,455,481,473,
549.001,463,436,459,475,454,480,473,
550.001,461,436,459,475,454,480,472,
551.001,462,436,459,474,454,480,472,
552.001,460,435,458,474,453,478,471,
553.001,459,434,458,474,453,479,469,
554.001,463,434,457,473,452,478,470,
555.001,462,434,457,472,452,478,470,
556.001,458,434,457,472,451,476,469,
557,459,433,456,470,451,475,468,
558.001,460,432,456,470,450,476,468,
559.001,461,433,455,471,450,475,468,
560,459,432,455,469,449,476,467,
561.001,456,432,454,470,449,475,468,
562.001,460,432,454,470,448,475,468,
563.001,456,432,454,469,448,474,466,
564.001,456,430,453,468,448,474,466,
565.001,457,430,453,468,448,473,466,
566.001,458,430,452,467,447,473,465,
567.001,456,429,452,467,447,472,464,
568.001,455,429,451,467,446,472,464,
569.001,455,429,451,466,446,472,464,
570.001,456,428,450,466,446,472,463,
571.001,456,428,450,465,445,471,462,
572.001,452,427,450,465,444,470,462,
573.001,452,427,450,465,444,471,462,48.6
574.001,454,427,449,464,444,469,460,
575.001,454,426,449,464,444,468,460,
576.001,453,426,449,463,444,469,461,
577.001,452,426,448,463,443,468,460,
578.001,451,425,447,462,442,468,459,
579.001,452,425,447,462,442,467,459,
580.001,451,424,446,461,441,467,459,
581.001,451,424,446,461,440,467,458,
582.001,447,424,445,460,440,466,458,
583.001,443,423,444,459,440,465,457,
584.001,451,423,445,460,440,465,456,
585.001,450,423,444,458,440,466,457,
586.001,450,422,444,459,440,465,456,
587.001,448,422,444,458,439,464,456,
588.001,450,421,444,458,438,465,456,
589.001,447,422,443,457,438,465,455,48.1
590.001,446,421,443,457,438,464,455,
591.001,449,420,442,457,437,462,454,
592.001,447,420,442,456,437,463,454,
593.001,446,420,441,456,436,462,452,
594.001,445,419,441,455,436,462,453,
595.001,446,419,441,455,436,462,452,
596.001,445,419,440,454,435,460,452,
597.001,445,419,440,454,436,461,452,
598.001,445,418,440,454,435,461,451,
599.001,442,418,439,453,434,461,451,
600.001,443,417,439,453,434,460,450,
601.001,445,416,438,453,434,460,450,
602.001,443,417,438,453,434,459,449,
603.001,444,416,438,452,433,458,450,
604.001,444,417,438,452,432,458,448,
605.001,442,416,436,450,432,458,449,
606.001,443,416,437,451,432,458,448,
607.001,443,416,437,450,432,457,448,
608.001,442,416,436,449,432,456,447,
609.001,442,416,435,450,431,456,447,
610.001,440,415,435,448,430,456,446,
611.001,440,414,434,448,431,456,445,
612.001,440,414,434,448,430,455,445,
613.001,439,416,434,448,430,454,445,47.2
614.001,440,413,433,448,428,454,444,
615.001,439,413,433,448,429,454,444,
616.001,438,413,432,446,428,453,444,
617.001,436,413,433,446,428,453,443,
618.001,435,412,432,446,427,452,443,
619.001,438,412,432,446,427,452,442,
620.001,438,412,432,446,427,451,442,
621.001,437,411,432,445,428,452,442,
622.001,437,412,431,444,426,451,441,
623.001,437,411,431,444,427,451,441,
624,437,410,430,444,426,450,440,
625.001,437,411,429,443,425,450,440,
626.001,436,410,429,443,425,449,440,46.8
627.001,434,410,430,442,425,449,440,
628.001,435,409,429,442,424,449,438,
629.001,432,408,428,441,424,449,438,
630.001,434,408,427,441,423,448,438,
631.001,433,408,428,441,424,448,438,
632.001,435,408,426,440,423,448,437,
633.001,433,408,427,441,422,447,437,
634.001,433,408,427,440,422,448,436,
635.001,434,406,426,440,423,446,436,
636.001,432,406,426,440,422,446,436,
637.001,432,406,425,438,422,446,436,
638.001,433,406,425,439,421,445,436,
639.001,432,406,426,438,420,445,435,
640.001,432,406,424,438,420,444,434,
641.001,430,405,425,438,420,444,434,46.2
642.001,428,406,424,437,420,445,435,
643.001,426,405,424,436,418,444,434,
644.001,428,404,424,437,418,443,434,
645.001,427,404,423,436,418,443,433,
646.001,428,404,423,436,418,442,432,
647.001,429,404,422,436,419,442,432,
648.001,430,403,422,436,417,442,432,
649.001,426,403,422,434,417,442,431,
650.001,428,402,421,434,418,441,430,
651.001,425,402,421,433,417,441,430,
652.001,426,402,421,433,416,440,430,
653.001,426,401,420,433,416,440,430,
654.001,428,401,420,432,416,439,429,
655.001,428,402,420,433,416,440,430,
656.001,427,401,420,432,416,440,430,
657.001,427,401,419,432,415,439,429,45.8
658.001,426,400,418,432,415,438,429,
659.001,426,401,419,431,414,438,428,
660.001,425,400,418,430,414,438,428,
661.001,424,400,418,430,414,438,427,
662.001,425,400,418,430,413,437,427,
663.001,423,400,417,429,413,438,427,
664.001,424,400,417,429,412,436,426,
665.001,424,400,417,429,412,437,426,
666.001,424,399,416,428,412,436,426,
667.001,424,398,416,428,412,436,425,45.5
668.001,420,398,416,428,412,435,425,
669.001,424,398,416,427,410,434,424,
670.001,421,397,416,428,412,435,425,
671.001,422,397,415,426,411,434,425,
672.001,421,397,414,426,411,434,425,
673.001,420,397,414,425,411,434,423,
674.001,420,396,416,426,409,433,423,
675.001,420,396,414,425,410,433,423,
676.001,421,396,414,425,410,432,422,
677.001,419,396,414,425,409,432,422,
678.001,419,396,413,425,408,432,422,
679.001,421,394,413,425,409,432,422,
680.001,420,395,413,424,408,432,421,
681.001,418,394,412,424,408,431,421,
682.001,416,394,412,423,408,431,421,
683.001,419,393,411,423,408,430,421,45
684.001,416,393,411,422,407,430,419,
685.001,417,393,411,423,408,430,420,
686.001,417,393,411,422,406,429,420,
687.001,417,392,410,422,406,428,419,
688.001,417,392,409,422,406,428,419,
689.001,416,392,410,420,406,429,419,
690.001,414,392,409,420,406,428,418,
691.001,415,392,409,421,405,428,418,
692.001,415,392,409,421,405,428,417,44.8
693.001,414,392,408,420,404,427,417,
694.001,413,391,408,419,404,427,417,
695.001,415,391,408,419,404,427,416,
696.001,414,391,408,420,404,426,416,
697.001,413,391,408,419,404,426,416,
698.001,411,390,408,418,404,426,416,
699.001,412,390,407,419,403,424,416,
700.001,414,390,406,418,403,425,416,
701.001,412,389,406,417,402,424,415,
702.001,412,388,406,418,402,424,416,
703.001,413,388,406,417,402,424,414,
704.001,412,389,405,417,401,424,414,
705.001,410,387,404,417,402,423,414,
706.001,410,388,405,416,401,423,413,
707.001,412,388,405,416,400,422,413,44.3
708.001,411,387,404,416,400,422,412,
709.001,410,387,404,416,400,422,412,
710.001,410,387,404,415,400,421,411,
711.001,411,386,403,414,400,421,412,
712.001,410,386,403,415,399,421,411,
713.001,410,386,403,414,398,421,411,
714.001,410,386,402,413,398,420,410,
715.001,409,385,402,413,398,420,411,
716.001,410,386,402,413,398,420,410,
717.001,409,386,401,413,398,420,410,
718.001,408,385,402,412,397,420,409,44.1
719.001,408,384,400,412,397,419,409,
720.001,406,385,400,411,396,418,409,
721.001,407,384,400,411,396,416,408,
722.001,407,384,400,411,396,417,408,
723.001,407,384,401,410,396,418,408,
724.001,405,384,400,411,396,417,408,
725.001,406,384,400,410,396,416,408,
726.001,406,384,400,409,395,416,406,
727.001,406,384,400,410,396,416,407,
728.001,404,383,400,409,394,416,407,
729.001,405,382,398,409,394,416,408,
730.001,406,382,398,408,395,416,406,43.8
731.001,405,382,398,408,394,416,405,
732.001,404,382,398,408,394,414,404,
733.001,404,382,397,408,393,415,406,
734.001,404,382,398,408,393,414,404,
735.001,403,381,396,406,392,414,405,
736.001,404,382,397,407,393,413,404,
737.001,404,381,396,406,392,413,404,
738.001,403,381,396,406,392,413,404,
739.001,401,380,396,405,391,412,404,
740.001,400,380,395,406,392,412,403,
741.001,402,380,396,406,392,413,404,43.5
742.001,401,379,395,404,391,412,404,
743.001,400,380,396,404,391,412,402,
744.001,401,379,395,404,392,411,402,
745.001,402,379,394,404,391,412,402,
746,400,378,395,404,390,410,402,
747.001,402,379,394,404,390,411,401,
748.001,401,378,393,403,389,411,402,
749.001,398,378,393,403,389,410,400,
750.001,400,378,394,404,389,410,400,43.2
751.001,401,377,393,402,389,409,401,
752.001,401,378,393,402,389,410,401,
753.001,400,377,392,402,389,409,400,
754.001,400,377,393,402,388,409,400,
755.001,400,377,392,402,388,408,400,
756.001,399,377,391,401,388,408,399,
757.001,399,376,392,401,388,408,399,
758,398,376,392,401,388,406,399,
759.001,398,376,391,401,388,408,397,
760.001,399,376,390,401,387,408,397,43
761.001,399,376,391,400,386,406,398,
762.001,398,376,390,399,386,406,398,
763.001,396,376,390,400,386,406,398,
764.001,397,375,389,400,386,406,398,
765.001,397,375,389,400,385,406,396,
766.001,398,375,390,399,386,405,396,
767.001,396,374,389,400,386,405,397,
768.001,397,375,388,400,385,404,396,
769.001,395,374,388,398,385,404,395,
770.001,395,374,389,396,384,403,396,
771.001,393,373,388,398,384,404,396,
772.001,395,373,387,397,384,402,396,42.8
773.001,394,374,387,397,384,404,395,
774.001,394,374,387,396,384,404,396,
775.001,393,372,388,397,382,403,394,
776.001,394,373,387,397,384,402,394,
777.001,394,373,386,396,384,402,394,
778.001,394,372,386,396,384,401,393,
779.001,392,372,386,394,383,401,393,
780.001,393,372,386,395,382,401,393,
781.001,392,372,386,396,381,401,393,
782.001,394,370,386,394,382,400,392,42.5
783.001,393,371,385,394,382,400,392,
784.001,392,370,384,394,382,400,392,
785.001,392,370,385,393,381,400,392,
786.001,392,370,385,394,381,400,392,
787,392,370,385,393,380,400,392,
788.001,391,370,384,392,380,400,390,
789.001,389,370,384,393,380,400,391,
790.001,389,369,384,393,380,398,391,
791.001,385,370,384,392,380,398,390,
792.001,386,369,383,392,379,397,390,
793.001,376,369,382,388,379,397,389,
794.001,382,369,382,389,378,396,389,42.2
795.001,387,368,382,391,379,397,389,
796.001,388,368,382,390,378,397,390,
797.001,386,369,382,392,379,397,388,
798.001,383,368,382,390,378,396,389,
799.001,387,368,381,390,380,396,388,
800.001,388,368,382,389,378,396,388,
801.001,387,368,381,390,378,395,388,
802.001,387,368,381,390,378,395,388,
803.001,385,368,380,388,378,396,388,
804.001,386,366,380,389,377,394,387,
805.001,387,368,380,389,377,396,388,
806.001,384,366,380,388,377,395,387,
807.001,379,366,380,388,376,393,386,42
808.001,386,366,380,388,376,395,386,
809.001,387,366,380,388,376,394,386,
810.001,387,366,380,388,376,394,386,
811.001,384,366,379,388,376,393,386,
812.001,385,366,378,387,376,394,386,
813.001,384,365,378,387,375,394,385,
814.001,383,366,378,387,374,393,385,
815.001,382,364,378,385,376,393,385,
816.001,384,364,378,387,374,392,385,
817.001,382,364,376,386,374,392,385,
818.001,381,364,378,384,374,392,384,
819.001,383,364,377,386,374,389,384,
820.001,379,364,377,385,373,390,382,41.7
821,384,364,377,385,373,392,384,
822.001,382,364,376,385,373,391,384,
823.001,381,363,377,385,373,391,384,
824.001,377,362,376,384,372,389,382,
825.001,382,364,376,384,373,390,383,
826.001,380,362,376,384,373,390,383,
827.001,382,362,376,384,372,390,382,
828.001,381,362,376,383,371,389,380,
829.001,380,362,374,382,372,388,381,
830.001,380,362,376,384,371,388,382,
831.001,380,361,374,382,370,388,381,41.4
832.001,381,362,374,383,371,389,381,
833.001,375,362,373,381,370,386,380,
834.001,381,361,374,382,370,388,380,
835.001,382,362,374,382,371,388,381,
836.001,380,360,373,382,370,387,380,
837.001,380,361,373,383,370,388,380,
838.001,379,360,373,381,370,387,380,
839.001,379,360,372,381,370,387,380,
840.001,379,360,373,381,370,387,379,
841.001,378,360,372,381,369,387,379,
842.001,377,360,372,381,369,386,377,
843.001,379,361,373,381,369,386,379,
844.001,378,360,372,381,370,386,378,
845.001,379,360,372,380,368,386,377,
846.001,376,360,372,379,368,384,378,41.2
847.001,377,358,371,380,369,385,377,
848.001,376,360,372,380,368,385,377,
849.001,375,358,371,378,368,384,378,
850.001,378,358,370,378,368,385,376,
851.001,378,359,372,378,368,384,376,
852.001,375,358,370,379,368,384,376,
853.001,378,356,370,378,368,382,376,
854.001,374,357,369,377,366,384,376,
855.001,377,357,369,377,366,384,376,
856.001,372,357,369,376,366,382,376,
857.001,372,358,370,377,367,384,376,
858.001,373,357,370,376,366,381,376,
859.001,377,357,370,376,366,381,374,
860.001,375,356,368,376,366,382,373,40.9
861.001,374,357,369,377,366,380,374,
862.001,376,356,369,376,366,382,374,
863.001,374,356,368,376,365,380,372,
864.001,371,356,368,374,364,381,373,
865.001,368,356,368,376,366,380,373,
866.001,375,356,368,376,365,380,373,
867.001,375,356,368,375,365,380,372,
868.001,372,356,368,376,364,379,372,
869.001,374,356,368,373,364,378,372,
870.001,366,354,366,372,364,378,373,
871.001,369,355,366,373,363,379,372,
872.001,370,355,366,372,364,377,372,
873.001,372,354,366,372,362,377,372,
874.001,371,354,366,372,363,376,370,40.6
875.001,371,355,366,372,363,377,371,
876.001,369,354,365,372,362,377,370,
877.001,371,354,364,371,362,376,370,
878.001,372,354,366,374,363,377,371,
879.001,369,353,365,371,362,376,370,
880.001,372,354,365,373,361,376,370,
881.001,372,353,365,372,361,376,370,
882.001,370,353,365,372,362,374,370,40.5
883.001,371,353,365,372,361,376,370,
884.001,366,353,364,369,360,375,370,
885.001,371,353,364,371,360,376,368,
886.001,371,352,364,370,360,376,370,
887.001,371,352,364,370,360,375,369,
888.001,365,352,364,370,359,374,368,
889.001,365,352,363,370,359,373,368,
890.001,365,352,362,370,359,375,368,
891.001,367,350,362,369,360,374,368,
892.001,365,352,362,370,360,373,368,
893.001,369,350,362,368,360,373,368,
894.001,370,352,363,369,358,374,368,
895.001,370,352,363,368,360,373,368,
896.001,368,352,362,369,360,373,368,40.2
897.001,368,351,362,368,358,372,368,
898.001,367,350,362,368,359,373,366,
899.001,368,350,361,368,358,372,366,
900.001,368,350,361,368,358,373,366,
901.001,368,350,361,368,358,373,368,
902.001,368,350,360,366,358,372,366,
903.001,368,350,360,366,358,372,366,
904.001,368,349,361,368,358,371,366,
905.001,368,349,360,368,358,372,365,
906.001,366,349,360,366,357,371,364,
907.001,368,349,360,366,356,372,364,
908.001,366,348,360,368,356,371,365,
909.001,366,349,360,366,357,370,365,
910.001,365,348,360,365,356,371,365,
911.001,366,348,360,366,356,370,364,
912.001,366,348,360,366,356,371,363,
913.001,365,348,359,366,356,371,364,
914.001,365,348,358,366,356,370,364,39.9
915.001,365,347,358,366,356,370,364,
916.001,364,348,358,364,356,371,364,
917.001,366,347,358,364,356,370,362,
918.001,364,346,356,364,355,368,362,
919.001,365,346,355,363,354,368,362,
920.001,364,344,354,364,352,366,362,
921.001,362,344,352,364,352,364,360,
922.001,361,344,352,364,350,364,359,
923.001,361,344,352,363,349,362,359,
924.001,360,342,352,362,348,360,358,
925.001,360,341,350,362,346,361,358,
926.001,360,340,350,362,347,360,358,
927.001,360,340,350,361,346,360,357,39.2
928.001,360,339,349,361,347,360,357,
929.001,358,339,350,362,346,361,357,
930.001,360,339,350,360,345,360,357,
931.001,360,340,350,362,346,361,357,
932.001,360,340,350,361,345,360,356,
933.001,359,340,350,361,346,361,357,
934.001,359,340,352,360,346,360,356,
935,359,339,350,361,347,360,357,
936.001,357,338,350,360,347,361,356,
937.001,353,339,350,360,346,360,356,
938.001,356,338,350,360,346,360,356,39.1
939,360,339,350,359,346,360,355,
940.001,353,339,352,360,348,361,355,
941.001,354,340,350,360,345,360,356,
942.001,355,339,350,359,347,360,356,
943.001,358,338,349,358,345,360,356,
944.001,355,339,350,359,346,360,355,
945.001,351,339,349,357,346,358,354,
946.001,353,339,349,360,346,360,354,
947.001,354,338,349,358,346,360,354,
948.001,352,338,349,357,345,360,354,
949.001,353,338,349,356,345,358,354,
950.001,352,338,349,357,346,359,354,
951.001,350,338,350,356,345,357,353,
952.001,351,338,349,356,345,358,352,
953.001,351,338,349,356,345,357,354,
954.001,349,338,348,356,345,356,352,
955.001,350,338,349,356,344,355,352,
956.001,353,337,348,356,345,360,354,38.8
957.001,353,338,348,356,345,360,354,
958.001,350,337,348,357,345,358,353,
959.001,352,337,348,356,346,357,353,
960.001,348,337,348,353,344,357,352,
961.001,352,337,348,354,345,358,352,
962.001,352,337,348,356,345,358,352,
963.001,353,338,348,354,345,358,352,
964.001,352,336,348,355,345,357,352,
965.001,352,338,348,355,344,358,352,
966.001,351,336,348,355,344,357,352,
967.001,353,337,348,354,344,357,352,
968.001,352,337,348,354,344,358,352,
969.001,352,336,348,354,344,356,352,
970.001,348,336,347,354,344,358,352,
971.001,352,336,348,354,344,357,352,38.5
972.001,352,336,348,353,344,356,350,
973.001,352,336,346,353,342,357,350,
974.001,352,336,346,352,344,355,350,
975.001,352,336,346,353,342,356,352,
976.001,350,336,347,354,344,356,352,
977.001,351,336,346,352,342,354,349,
978.001,350,336,347,352,342,355,350,
979.001,351,336,346,352,344,356,350,
980.001,352,334,345,352,342,355,348,
981.001,350,334,346,353,342,355,348,
982.001,352,334,346,352,342,355,350,
983.001,351,334,345,352,341,353,349,
984.001,349,332,344,352,340,353,348,
985.001,351,332,344,352,340,352,348,
986,346,332,344,352,340,353,347,38.2
987.001,350,331,344,352,338,352,346,
988.001,350,329,342,349,338,352,347,
989.001,346,329,342,349,337,352,346,
990.001,348,329,340,349,337,350,346,
991.001,348,328,340,349,336,350,345,
992.001,346,328,340,349,334,349,344,
993.001,346,328,340,348,334,348,344,
994.001,348,328,339,348,336,348,344,
995.001,348,326,338,348,334,347,344,
996.001,345,326,338,347,333,348,344,
997.001,348,326,338,348,333,348,342,
998.001,338,324,336,346,332,344,342,
999.001,346,324,336,346,332,346,342,
1000.001,344,324,336,346,331,346,342,
1001.001,344,324,336,346,332,343,340,
1002.001,344,324,336,346,332,345,341,
1003.001,342,324,336,346,331,344,340,37.8
1004.001,346,323,334,344,329,344,340,
1005.001,343,323,334,345,330,344,340,
1006.001,342,322,336,345,330,344,338,
1007.001,344,322,334,344,329,343,339,
1008.001,344,322,333,344,328,342,338,
1009.001,343,321,333,342,328,341,337,
1010.001,342,321,333,344,328,342,338,
1011.001,343,320,332,342,328,342,337,
1012.001,343,320,332,342,326,341,337,
1013.001,341,320,332,344,328,341,337,
1014,340,320,332,342,327,340,336,
1015.001,342,320,332,341,326,339,336,37.3
1016.001,340,320,330,340,325,340,336,
1017.001,340,318,330,340,325,339,336,
1018,339,318,330,340,324,337,334,
1019.001,341,318,330,341,326,340,336,
1020.001,340,317,330,339,324,338,334,
1021.001,340,317,328,340,324,338,333,
1022.001,339,318,329,340,324,338,333,
1023.001,339,316,328,340,324,337,332,
1024.001,337,316,328,337,323,337,333,
1025.001,335,316,328,338,323,336,333,
1026.001,336,316,328,338,321,336,332,
1027.001,337,314,328,338,321,337,331,
1028.001,334,314,326,337,322,337,332,
1029.001,334,314,326,336,322,337,332,
1030.001,335,315,327,337,321,336,330,
1031.001,335,314,326,336,322,334,330,
1032.001,334,314,325,336,321,336,331,
1033.001,333,313,324,336,321,334,330,
1034.001,337,313,325,336,321,336,329,
1035.001,330,313,324,336,320,333,329,36.5
1036.001,334,313,325,336,320,334,329,
1037.001,329,313,324,336,320,332,328,
1038.001,332,312,324,334,320,332,328,
1039.001,327,312,324,334,320,332,328,
1040.001,327,312,324,336,320,332,328,
1041,329,312,324,336,318,329,328,
1042.001,328,312,324,334,318,331,328,
1043.001,327,312,322,333,318,330,326,
1044.001,326,312,323,333,318,331,326,
1045.001,333,312,323,334,320,332,326,
1046.001,333,311,323,334,318,332,328,
1047.001,333,310,323,333,318,330,326,
1048.001,331,310,322,333,318,331,326,
1049.001,325,310,323,332,316,330,326,36.2
1050.001,332,310,322,333,316,330,324,
1051.001,331,309,321,332,317,330,325,
1052.001,325,310,321,332,316,329,324,
1053.001,331,308,320,332,316,329,325,
1054.001,331,308,321,332,316,330,325,
1055.001,332,308,320,330,316,328,324,
1056.001,328,308,320,332,316,329,324,
1057.001,328,308,320,331,316,329,324,
1058.001,331,308,320,329,314,328,324,
1059.001,329,308,320,331,315,327,324,
1060.001,329,308,320,329,315,326,323,
1061.001,329,308,318,330,315,326,322,
1062.001,328,308,320,329,314,326,322,35.9
1063.001,328,306,318,328,314,326,322,
1064.001,326,307,320,329,313,326,322,
1065.001,323,306,320,328,313,326,322,
1066.001,329,307,320,328,314,326,321,
1067.001,329,307,318,328,313,327,321,
1068.001,327,306,318,328,313,325,321,
1069.001,328,306,317,328,313,328,321,
1070.001,329,306,318,328,313,325,320,
1071.001,328,306,318,328,314,325,320,
1072.001,326,306,317,328,312,326,320,
1073.001,322,305,317,325,310,326,320,
1074.001,327,305,316,328,313,324,320,
1075.001,323,305,317,326,312,324,320,
1076.001,327,304,317,326,312,324,320,
1077.001,324,304,316,325,312,324,318,
1078.001,327,305,316,326,312,324,320,35.5
1079.001,325,304,316,324,312,324,320,
1080.001,326,304,314,324,310,322,320,
1081.001,325,304,316,324,310,322,318,
1082.001,326,304,316,324,312,323,318,
1083.001,325,304,315,324,310,322,317,
1084.001,324,304,316,324,311,322,320,
1085.001,323,304,314,324,312,322,317,
1086.001,325,304,316,323,309,322,317,
1087.001,324,304,314,322,310,321,318,
1088.001,324,304,315,322,310,322,318,
1089.001,323,304,314,323,310,322,317,35.2
1090.001,324,304,314,322,310,321,316,
1091.001,322,304,314,322,310,322,316,
1092.001,323,302,314,322,309,322,315,
1093.001,322,304,314,322,310,321,317,
1094,322,302,313,322,309,321,316,
1095.001,324,302,313,322,310,321,315,
1096,320,302,314,320,309,320,316,
1097.001,318,302,312,320,308,320,315,
1098.001,322,301,313,322,308,320,315,
1099.001,316,301,313,318,307,320,315,
1100.001,316,301,312,320,308,320,314,
1101.001,316,300,312,320,308,320,316,
1102.001,321,301,313,320,308,320,315,
1103.001,322,301,313,320,308,320,314,
1104.001,318,300,312,316,307,320,314,
1105.001,318,300,312,320,308,320,314,34.9
1106.001,321,300,312,320,308,320,314,
1107.001,321,300,312,320,308,320,314,
1108.001,320,300,312,320,308,320,312,
1109.001,320,300,312,318,307,320,314,
1110.001,319,300,312,318,307,320,314,
1111.001,320,300,312,318,306,320,313,
1112.001,320,300,312,318,306,320,313,
1113.001,320,300,312,318,306,320,314,
1114,319,300,312,318,306,320,313,
1115.001,318,300,312,318,307,320,314,
1116.001,318,299,312,318,306,320,313,
1117.001,319,300,312,318,306,320,312,
1118.001,319,299,312,317,306,320,312,
1119.001,319,300,312,317,307,320,312,
1120.001,319,300,312,317,306,318,313,34.5
1121.001,318,300,312,316,305,317,312,
1122.001,317,300,312,317,306,318,312,
1123.001,315,299,310,317,306,317,312,
1124.001,317,299,312,317,306,320,312,
1125.001,315,300,312,316,306,318,312,
1126.001,316,299,310,316,306,317,312,
1127.001,313,298,310,314,305,317,312,
1128.001,318,298,310,316,306,317,312,
1129.001,316,298,312,316,304,317,312,
1130.001,318,298,310,316,306,317,312,
1131.001,316,298,309,316,306,317,312,
1132.001,317,300,310,316,305,316,312,
1133.001,317,298,310,316,305,316,310,
1134.001,317,298,310,316,305,316,312,
1135.001,317,298,310,316,305,316,310,
1136.001,315,298,310,313,305,316,311,34.3
1137.001,316,297,310,314,304,316,310,
1138.001,313,297,309,313,304,316,312,
1139.001,315,297,309,313,304,316,310,
1140.001,315,297,309,314,304,316,309,
1141.001,315,297,308,313,304,315,310,
1142.001,315,296,309,313,304,315,310,
1143.001,316,296,308,313,304,316,310,
1144.001,312,297,309,312,304,314,309,
1145.001,316,297,308,312,304,315,309,
1146.001,314,297,309,313,304,314,309,
1147.001,314,297,308,312,304,314,308,
1148.001,312,296,308,312,304,315,309,
1149.001,313,297,308,312,304,315,308,
1150.001,311,296,308,312,304,314,309,
1151.001,310,296,308,312,304,314,308,
1152.001,314,296,308,312,304,313,308,
1153.001,314,296,308,310,304,314,308,34.1
1154.001,315,296,308,312,304,313,308,
1155.001,312,296,307,312,304,314,308,
1156.001,314,297,307,312,304,314,308,
1157.001,313,296,308,312,304,314,308,
1158,313,296,308,312,304,314,308,
1159.001,314,296,308,310,304,313,308,
1160.001,313,296,306,312,302,313,308,
1161.001,313,296,307,310,302,312,308,
1162.001,310,295,307,310,300,313,308,
1163.001,312,294,308,310,301,312,308,
1164.001,311,296,307,310,302,312,308,
1165.001,308,296,306,309,302,312,308,
1166.001,312,296,306,310,302,313,308,
1167.001,312,296,306,309,302,312,306,
1168.001,312,295,306,309,302,313,306,
1169.001,308,296,306,309,304,312,307,
1170,312,296,306,309,302,312,307,33.8
1171.001,309,296,306,308,302,312,306,
1172.001,307,294,306,308,302,312,306,
1173.001,309,294,306,308,301,312,306,
1174.001,310,296,306,309,301,312,306,
1175.001,311,294,306,308,302,312,306,
1176.001,308,296,306,308,301,312,306,
1177.001,309,294,305,305,301,312,306,
1178.001,311,294,305,308,301,311,306,
1179.001,310,294,306,308,301,312,306,
1180.001,310,294,306,308,301,312,306,
1181.001,310,294,306,308,301,309,305,
1182.001,309,295,305,308,300,312,306,
1183.001,310,296,306,308,301,312,305,
1184.001,309,293,305,307,300,311,306,
1185.001,308,294,305,308,300,310,305,
1186.001,308,293,304,306,300,308,304,
1187.001,307,294,304,306,300,309,305,
1188.001,309,293,305,306,300,312,306,
1189.001,303,292,304,307,300,310,304,
1190.001,307,293,305,306,301,309,305,33.5
1191.001,306,292,304,307,300,311,305,
1192.001,303,291,304,306,300,310,305,
1193.001,303,293,304,306,301,310,304,
1194.001,300,292,304,305,300,309,304,
1195.001,304,292,304,306,301,309,304,
1196.001,304,292,304,306,300,310,304,
1197.001,303,293,304,306,300,310,304,
1198.001,304,292,304,306,298,310,304,
1199.001,302,292,304,306,300,309,304,
1200.001,302,292,304,304,300,308,304,
1201.001,302,292,304,305,300,308,304,
1202.001,304,292,304,305,300,308,304,
1203.001,302,292,304,304,300,308,304,
1204.001,305,292,304,305,300,308,304,
1205.001,302,292,304,304,298,307,304,33.3
1206.001,301,292,304,304,298,307,302,
1207.001,305,292,304,305,298,309,304,
1208,304,292,302,302,298,306,301,
1209,302,291,304,304,298,308,302,
1210.001,300,292,304,304,298,307,302,
1211.001,299,291,304,302,297,308,302,
1212.001,305,290,304,304,298,307,302,
1213.001,302,291,304,304,297,308,302,
1214.001,304,292,304,304,298,308,302,
1215.001,305,292,302,304,298,307,302,
1216.001,302,291,304,304,297,308,302,
1217.001,304,290,302,304,298,307,302,
1218.001,305,290,302,304,297,308,302,
1219.001,303,290,302,304,298,308,302,
1220.001,302,290,301,302,298,306,301,
1221.001,305,291,302,304,298,307,302,
1222.001,305,290,304,304,298,307,302,
1223.001,304,290,301,302,296,307,301,33.2
1224.001,303,290,304,304,297,308,301,
1225.001,296,289,301,302,297,306,301,
1226.001,301,289,302,302,296,306,301,
1227.001,300,290,301,302,297,306,300,
1228.001,300,290,302,301,296,305,301,
1229.001,301,288,301,302,296,306,301,
1230.001,303,288,301,300,296,305,300,
1231.001,297,288,301,297,296,304,300,
1232.001,300,289,300,298,296,304,300,
1233.001,298,289,300,300,296,306,300,
1234.001,302,290,301,302,296,306,300,
1235.001,304,290,301,300,296,306,299,
1236.001,301,290,300,301,296,306,299,33.1
1237.001,303,289,300,301,296,305,300,
1238.001,304,290,300,300,296,306,299,
1239.001,302,288,301,300,296,305,300,
1240.001,302,288,300,300,296,304,300,
1241.001,300,288,300,301,296,304,300,
1242.001,304,288,300,300,296,305,300,
1243.001,297,289,300,298,296,304,300,
1244.001,298,290,300,300,296,304,300,
1245.001,304,288,300,301,296,306,300,
1246.001,301,289,300,301,296,304,298,
1247.001,302,289,300,299,296,304,300,
1248.001,302,289,300,300,296,305,298,
1249.001,304,289,300,301,296,305,300,
1250.001,302,288,300,300,296,305,298,
1251.001,302,289,300,300,294,304,299,
1252.001,298,288,300,298,296,304,298,
1253,301,288,298,300,296,304,298,
1254.001,300,288,300,300,296,304,298,
1255.001,302,288,300,300,296,304,299,
1256.001,302,288,300,300,296,304,298,
1257.001,301,289,300,300,296,304,298,
1258.001,302,288,299,300,294,304,298,32.9
1259.001,302,289,299,300,296,304,298,
1260.001,302,288,299,300,296,304,298,
1261.001,302,288,300,299,296,304,298,
1262.001,301,288,300,299,294,304,298,
1263.001,302,288,299,299,296,302,298,
1264.001,302,288,299,300,296,304,298,
1265.001,300,288,300,298,296,304,297,
